City_ID,City,Country,Date,Lat,Lng,Max Temp,Humidity,Cloudiness,Wind Speed
0,Albany,US,2022-05-12 21:35:15,42.6001,-73.9662,85.78,40,17,3.0
1,Kerman,IR,2022-05-12 21:37:09,30.2832,57.0788,62.46,15,0,9.22
2,Katsuura,JP,2022-05-12 21:35:23,35.1333,140.3,64.42,99,100,6.06
3,Jamestown,US,2022-05-12 21:37:00,42.097,-79.2353,83.84,20,0,0.0
4,Puerto Ayora,EC,2022-05-12 21:37:10,-0.7393,-90.3518,82.36,90,52,4.0
5,Adrar,MR,2022-05-12 21:37:11,20.5022,-10.0711,91.0,11,2,10.4
6,Lebu,CL,2022-05-12 21:37:11,-37.6167,-73.65,53.47,86,90,7.38
7,Mananjary,MG,2022-05-12 21:37:12,-21.2167,48.3333,70.14,88,88,1.92
8,Bredasdorp,ZA,2022-05-12 21:37:12,-34.5322,20.0403,55.36,68,2,8.28
9,Mataura,NZ,2022-05-12 21:37:13,-46.1927,168.8643,48.47,78,100,2.44
10,Hermanus,ZA,2022-05-12 21:37:13,-34.4187,19.2345,58.62,74,11,10.76
11,Rikitea,PF,2022-05-12 21:37:14,-23.1203,-134.9692,77.27,74,8,19.8
12,Castro,BR,2022-05-12 21:37:14,-24.7911,-50.0119,56.17,88,4,2.57
13,Rio Grande,BR,2022-05-12 21:37:15,-32.035,-52.0986,60.91,72,42,8.46
14,Jijiga,ET,2022-05-12 21:37:15,9.35,42.8,67.08,33,4,1.7
15,Biscarrosse,FR,2022-05-12 21:37:16,44.3945,-1.1672,58.95,88,0,5.75
16,Poum,NC,2022-05-12 21:37:16,-20.2333,164.0167,76.89,70,100,33.4
17,Paamiut,GL,2022-05-12 21:37:16,61.994,-49.6678,34.03,99,100,9.84
18,Flinders,AU,2022-05-12 21:37:17,-34.5833,150.8552,68.38,92,100,7.0
19,Makakilo City,US,2022-05-12 21:37:17,21.3469,-158.0858,82.15,51,0,16.11
20,San Carlos De Bariloche,AR,2022-05-12 21:36:35,-41.1456,-71.3082,47.95,61,40,24.16
21,Qaanaaq,GL,2022-05-12 21:37:18,77.484,-69.3632,16.59,74,17,2.73
22,Punta Arenas,CL,2022-05-12 21:32:30,-53.15,-70.9167,42.91,81,40,10.36
23,Znamenskoye,RU,2022-05-12 21:37:19,57.1281,73.8282,49.55,74,97,1.05
24,Tura,IN,2022-05-12 21:37:19,25.5198,90.2201,71.2,98,56,5.93
25,Margate,GB,2022-05-12 21:37:15,51.3813,1.3862,53.69,76,18,4.0
26,Bluff,NZ,2022-05-12 21:37:20,-46.6,168.3333,48.79,79,100,9.78
27,Verkhniye Sergi,RU,2022-05-12 21:37:20,56.6469,59.5556,45.59,79,32,8.86
28,New Norfolk,AU,2022-05-12 21:37:21,-42.7826,147.0587,48.65,90,21,2.37
29,Maceio,BR,2022-05-12 21:32:45,-9.6658,-35.7353,80.04,83,75,5.75
30,Kapaa,US,2022-05-12 21:37:21,22.0752,-159.319,80.58,78,75,17.27
31,Ushuaia,AR,2022-05-12 21:37:22,-54.8,-68.3,42.46,100,75,3.44
32,Necochea,AR,2022-05-12 21:37:22,-38.5473,-58.7368,51.73,66,62,11.43
33,Tiksi,RU,2022-05-12 21:37:23,71.6872,128.8694,15.98,87,10,8.95
34,Busselton,AU,2022-05-12 21:37:23,-33.65,115.3333,56.39,70,96,18.39
35,Te Anau,NZ,2022-05-12 21:37:24,-45.4167,167.7167,49.96,83,100,2.91
36,Hithadhoo,MV,2022-05-12 21:37:24,-0.6,73.0833,83.08,70,100,13.98
37,Vaini,TO,2022-05-12 21:37:25,-21.2,-175.2,73.56,64,75,11.5
38,Cape Town,ZA,2022-05-12 21:37:25,-33.9258,18.4232,61.11,85,75,14.97
39,Luau,AO,2022-05-12 21:37:26,-10.7073,22.2247,66.06,66,50,5.01
40,Butaritari,KI,2022-05-12 21:37:26,3.0707,172.7902,81.32,78,100,18.07
41,Kodiak,US,2022-05-12 21:33:12,57.79,-152.4072,51.31,50,40,9.22
42,Prince Rupert,CA,2022-05-12 21:34:56,54.3161,-130.3201,49.69,73,100,13.8
43,Ponta Do Sol,PT,2022-05-12 21:37:27,32.6667,-17.1,67.71,81,69,1.3
44,Codrington,AU,2022-05-12 21:37:27,-38.2667,141.9667,57.04,86,95,3.71
45,Rocha,UY,2022-05-12 21:37:20,-34.4833,-54.3333,49.12,77,6,3.71
46,Tuktoyaktuk,CA,2022-05-12 21:37:28,69.4541,-133.0374,46.4,53,75,11.5
47,Chuy,UY,2022-05-12 21:38:29,-33.6971,-53.4616,53.62,72,38,5.68
48,Kavieng,PG,2022-05-12 21:38:29,-2.5744,150.7967,82.96,72,100,9.84
49,Mazagao,BR,2022-05-12 21:38:30,-0.115,-51.2894,82.45,96,96,3.09
50,Richards Bay,ZA,2022-05-12 21:34:50,-28.783,32.0377,69.89,84,1,10.09
51,Fairbanks,US,2022-05-12 21:38:30,64.8378,-147.7164,44.94,85,75,10.36
52,Atuona,PF,2022-05-12 21:38:31,-9.8,-139.0333,78.98,78,13,22.91
53,Bilma,NE,2022-05-12 21:38:31,18.6853,12.9164,87.17,13,0,13.31
54,Hobart,AU,2022-05-12 21:38:32,-42.8794,147.3294,49.01,94,0,8.05
55,Mar Del Plata,AR,2022-05-12 21:38:32,-38.0023,-57.5575,55.87,73,0,15.01
56,Bethel,US,2022-05-12 21:38:33,41.3712,-73.414,79.65,53,0,9.22
57,Hilo,US,2022-05-12 21:36:42,19.7297,-155.09,86.29,71,40,12.66
58,Portland,US,2022-05-12 21:36:32,45.5234,-122.6762,52.38,83,100,11.99
59,Geraldton,AU,2022-05-12 21:38:33,-28.7667,114.6,54.01,94,75,8.05
60,Hamilton,US,2022-05-12 21:38:04,39.1834,-84.5333,86.0,34,0,9.22
61,Middelburg,ZA,2022-05-12 21:38:34,-25.7751,29.4648,57.51,55,0,5.32
62,Labuhan,ID,2022-05-12 21:38:35,-6.8844,112.2051,78.93,88,43,6.87
63,Teguise,ES,2022-05-12 21:38:36,29.0605,-13.564,66.42,73,20,11.5
64,Salinopolis,BR,2022-05-12 21:38:36,-0.6136,-47.3561,78.48,85,74,6.4
65,Monrovia,LR,2022-05-12 21:38:37,6.3005,-10.7969,79.65,85,99,9.08
66,Namibe,AO,2022-05-12 21:38:37,-15.1961,12.1522,73.45,68,3,2.84
67,Ozu,JP,2022-05-12 21:38:37,33.5,132.55,63.18,98,100,3.31
68,Avarua,CK,2022-05-12 21:38:38,-21.2078,-159.775,82.45,89,75,5.75
69,Ushibuka,JP,2022-05-12 21:38:39,32.1906,130.0228,69.1,99,100,5.08
70,The Valley,AI,2022-05-12 21:38:39,18.217,-63.0578,82.26,74,20,17.27
71,Hanzhong,CN,2022-05-12 21:38:40,33.0728,107.0303,58.37,76,100,1.19
72,Marzuq,YE,2022-05-12 21:38:40,14.4,46.4667,76.41,27,82,1.79
73,Arraial Do Cabo,BR,2022-05-12 21:38:41,-22.9661,-42.0278,75.06,73,75,6.91
74,Alice Springs,AU,2022-05-12 21:38:42,-23.7,133.8833,42.35,75,29,0.0
75,Anaconda,US,2022-05-12 21:38:42,46.1285,-112.9423,49.19,53,100,8.93
76,Fort Morgan,US,2022-05-12 21:38:43,40.2503,-103.8,74.62,7,0,29.93
77,West Bay,KY,2022-05-12 21:38:43,19.3667,-81.4167,83.07,84,75,3.44
78,Mawlaik,MM,2022-05-12 21:38:44,23.6333,94.4167,76.08,92,95,1.63
79,Marawi,PH,2022-05-12 21:38:44,7.9986,124.2928,71.04,93,100,2.42
80,Villa Carlos Paz,AR,2022-05-12 21:38:45,-31.4241,-64.4978,62.82,36,100,17.0
81,Cascais,PT,2022-05-12 21:38:45,38.6979,-9.4215,70.95,54,0,14.97
82,Cabo San Lucas,MX,2022-05-12 21:36:20,22.8909,-109.9124,95.61,52,24,6.42
83,Mehamn,NO,2022-05-12 21:38:46,71.0357,27.8492,37.35,87,75,16.11
84,Urucara,BR,2022-05-12 21:38:46,-2.5364,-57.76,76.8,94,13,2.64
85,Batagay-Alyta,RU,2022-05-12 21:38:47,67.8006,130.4114,29.53,86,99,4.18
86,Ambilobe,MG,2022-05-12 21:38:47,-13.2,49.05,70.45,93,4,3.44
87,Brisbane,AU,2022-05-12 21:34:21,-27.4679,153.0281,73.78,91,100,14.97
88,Sibolga,ID,2022-05-12 21:38:48,1.7427,98.7792,76.3,84,98,3.24
89,Chara,RU,2022-05-12 21:38:48,56.9064,118.2631,40.14,88,100,0.94
90,Ust-Omchug,RU,2022-05-12 21:38:49,61.15,149.6333,32.77,77,71,1.03
91,Pevek,RU,2022-05-12 21:38:49,69.7008,170.3133,21.72,89,92,15.73
92,Glendive,US,2022-05-12 21:38:49,47.1053,-104.7125,52.48,87,100,17.27
93,Effingham,US,2022-05-12 21:39:50,32.3669,-81.3332,79.25,74,96,9.66
94,Dustlik,UZ,2022-05-12 21:39:50,40.5247,68.0358,66.94,64,72,3.58
95,Barth,DE,2022-05-12 21:39:51,54.3635,12.7249,53.1,86,98,12.41
96,Half Moon Bay,US,2022-05-12 21:39:51,37.4636,-122.4286,69.89,57,20,17.27
97,Torbay,CA,2022-05-12 21:39:52,47.6666,-52.7314,49.75,75,75,18.41
98,Metro,ID,2022-05-12 21:39:52,-5.1131,105.3067,76.51,90,91,1.01
99,Yaan,NG,2022-05-12 21:39:54,7.3833,8.5667,79.72,71,58,4.36
100,Kahului,US,2022-05-12 21:39:54,20.8947,-156.47,86.02,37,40,20.71
101,Tuatapere,NZ,2022-05-12 21:39:55,-46.1333,167.6833,51.15,80,100,3.56
102,Yellowknife,CA,2022-05-12 21:36:22,62.456,-114.3525,45.12,61,40,8.05
103,Tecolutla,MX,2022-05-12 21:39:55,20.4833,-97.0167,91.26,65,4,14.34
104,Vostok,RU,2022-05-12 21:39:56,46.4856,135.8833,45.59,68,99,1.54
105,Pisco,PE,2022-05-12 21:39:56,-13.7,-76.2167,69.85,73,0,8.05
106,Pangody,RU,2022-05-12 21:39:57,65.85,74.4859,38.88,97,100,9.28
107,Touros,BR,2022-05-12 21:35:31,-5.1989,-35.4608,78.96,83,27,11.48
108,Khani,GE,2022-05-12 21:39:57,41.9563,42.9566,38.77,89,11,4.34
109,Puqi,CN,2022-05-12 21:39:58,29.7167,113.8833,63.54,90,100,7.85
110,Port Alfred,ZA,2022-05-12 21:39:58,-33.5906,26.891,62.22,82,3,12.35
111,Barrow,US,2022-05-12 21:39:59,71.2906,-156.7887,26.62,80,100,9.22
112,Te Kauwhata,NZ,2022-05-12 21:39:59,-37.4,175.15,52.14,43,5,1.36
113,Shubarkuduk,KZ,2022-05-12 21:40:00,49.1447,56.4872,53.6,73,100,17.18
114,Olafsvik,IS,2022-05-12 21:38:52,64.8945,-23.7142,35.64,72,97,28.57
115,Mayor Pablo Lagerenza,PY,2022-05-12 21:40:00,-19.9309,-60.7718,75.42,43,0,4.34
116,Hanna,CA,2022-05-12 21:40:01,51.6334,-111.9018,58.86,27,100,14.0
117,Nova Olimpia,BR,2022-05-12 21:40:01,-14.7972,-57.2881,80.51,59,73,3.2
118,Sabang,ID,2022-05-12 21:40:02,5.8933,95.3214,83.84,74,99,17.63
119,Ilulissat,GL,2022-05-12 21:40:02,69.2167,-51.1,26.62,68,100,10.36
120,Fez,MA,2022-05-12 21:40:03,34.0372,-4.9998,73.65,43,40,8.05
121,Aklavik,CA,2022-05-12 21:40:03,68.2191,-135.0107,50.0,50,75,8.05
122,Praia Da Vitoria,PT,2022-05-12 21:40:04,38.7333,-27.0667,61.75,77,75,10.63
123,Talnakh,RU,2022-05-12 21:40:04,69.4865,88.3972,34.21,98,99,5.68
124,Victoria,HK,2022-05-12 21:35:17,22.2855,114.1577,79.95,97,100,3.0
125,Acarau,BR,2022-05-12 21:40:05,-2.8856,-40.12,78.06,90,64,11.01
126,Naze,JP,2022-05-12 21:40:06,28.3667,129.4833,72.52,87,86,13.4
127,Lukulu,ZM,2022-05-12 21:40:06,-14.3707,23.242,62.26,58,0,3.53
128,Fortuna,US,2022-05-12 21:40:07,40.5982,-124.1573,58.98,64,100,10.36
129,Zhangjiakou,CN,2022-05-12 21:40:09,40.81,114.8794,43.65,28,20,10.83
130,Vardo,NO,2022-05-12 21:40:09,70.3705,31.1107,33.78,80,68,9.22
131,Saint George,US,2022-05-12 21:37:13,37.1041,-113.5841,74.43,18,0,5.01
132,Nikolskoye,RU,2022-05-12 21:40:10,59.7035,30.7861,48.87,85,96,11.45
133,Mahebourg,MU,2022-05-12 21:40:11,-20.4081,57.7,73.69,88,40,5.75
134,Faanui,PF,2022-05-12 21:40:12,-16.4833,-151.75,82.11,67,4,16.62
135,Noumea,NC,2022-05-12 21:40:12,-22.2763,166.4572,75.18,99,100,16.96
136,Loa Janan,ID,2022-05-12 21:40:13,-0.583,117.095,74.88,98,100,1.77
137,Kurilsk,RU,2022-05-12 21:40:14,45.2333,147.8833,47.41,90,100,3.98
138,East London,ZA,2022-05-12 21:41:14,-33.0153,27.9116,63.97,79,0,15.46
139,Kyzyl-Suu,KG,2022-05-12 21:41:15,42.3414,78.0056,48.34,68,79,3.42
140,Dikson,RU,2022-05-12 21:41:15,73.5069,80.5464,18.52,90,99,5.99
141,Ruidoso,US,2022-05-12 21:41:15,33.3317,-105.673,78.96,4,0,18.41
142,Longyearbyen,SJ,2022-05-12 21:41:16,78.2186,15.6401,19.24,58,0,8.05
143,Tasiilaq,GL,2022-05-12 21:41:16,65.6145,-37.6368,28.56,66,21,4.7
144,Alofi,NU,2022-05-12 21:41:17,-19.0595,-169.9187,78.19,80,100,10.8
145,Shchebetovka,UA,2022-05-12 21:41:17,44.9333,35.15,52.52,79,31,10.85
146,Seddon,AU,2022-05-12 21:41:18,-37.8068,144.8916,59.9,95,100,5.75
147,Bilibino,RU,2022-05-12 21:41:18,68.0546,166.4372,30.02,85,53,4.61
148,Amalapuram,IN,2022-05-12 21:41:19,16.5833,82.0167,79.75,87,53,4.41
149,Katobu,ID,2022-05-12 21:41:19,-4.9408,122.5276,75.18,95,50,1.41
150,Sitka,US,2022-05-12 21:41:20,57.0531,-135.33,51.69,62,40,4.61
151,Hasaki,JP,2022-05-12 21:41:20,35.7333,140.8333,64.8,98,100,8.84
152,Vila Velha,BR,2022-05-12 21:37:34,-20.3297,-40.2925,76.95,83,20,10.36
153,Maniitsoq,GL,2022-05-12 21:41:21,65.4167,-52.9,28.27,71,21,24.92
154,Carnot,CF,2022-05-12 21:41:21,4.9409,15.8665,71.24,85,22,1.97
155,Halifax,CA,2022-05-12 21:37:44,44.6453,-63.5724,80.49,47,75,19.57
156,Sungaipenuh,ID,2022-05-12 21:41:22,-2.0833,101.3833,65.82,81,100,1.72
157,Port Hardy,CA,2022-05-12 21:41:22,50.6996,-127.4199,46.4,81,75,9.22
158,Ancud,CL,2022-05-12 21:41:23,-41.8697,-73.8203,47.57,71,34,14.36
159,Haapiti,PF,2022-05-12 21:41:23,-17.5667,-149.8667,85.73,68,5,17.52
160,Cherskiy,RU,2022-05-12 21:41:24,68.75,161.3,32.7,95,80,11.27
161,Bose,IT,2022-05-12 21:41:24,45.4612,8.0137,66.22,90,100,2.55
162,Gamba,GA,2022-05-12 21:41:25,-2.65,10.0,77.45,89,100,6.42
163,Kokopo,PG,2022-05-12 21:41:25,-4.352,152.2633,80.87,76,98,3.18
164,Ambulu,ID,2022-05-12 21:41:26,-8.345,113.6058,76.95,90,40,2.04
165,Buin,CL,2022-05-12 21:41:26,-33.7333,-70.75,65.05,42,100,2.42
166,Denpasar,ID,2022-05-12 21:41:27,-8.65,115.2167,82.06,94,40,2.3
167,Airai,TL,2022-05-12 21:41:27,-8.9266,125.4092,59.68,90,66,1.45
168,Vangaindrano,MG,2022-05-12 21:41:27,-23.35,47.6,68.36,82,79,3.56
169,Ponta Delgada,PT,2022-05-12 21:37:12,37.7333,-25.6667,62.51,67,20,10.36
170,De-Kastri,RU,2022-05-12 21:41:28,51.4667,140.7833,44.85,87,100,2.89
171,Mudhol,IN,2022-05-12 21:41:29,16.35,75.2833,77.76,76,100,12.46
172,Moyale,KE,2022-05-12 21:41:29,3.5167,39.0584,65.98,83,86,3.89
173,Sisimiut,GL,2022-05-12 21:41:29,66.9395,-53.6735,25.32,66,92,13.78
174,Rawson,AR,2022-05-12 21:41:30,-43.3002,-65.1023,55.96,78,100,27.76
175,Banjar,ID,2022-05-12 21:41:30,-8.19,114.9675,78.1,87,46,3.51
176,Nizhniy Kuranakh,RU,2022-05-12 21:41:31,58.8353,125.4869,35.15,100,100,1.97
177,Georgetown,MY,2022-05-12 21:41:31,5.4112,100.3354,80.53,93,40,3.44
178,Nome,US,2022-05-12 21:41:32,64.5011,-165.4064,39.16,81,75,21.85
179,Cacapava,BR,2022-05-12 21:41:32,-23.1008,-45.7069,68.25,95,33,2.66
180,Provideniya,RU,2022-05-12 21:41:33,64.3833,-173.3,39.36,81,75,2.24
181,Luanda,AO,2022-05-12 21:36:48,-8.8368,13.2343,75.15,88,49,5.61
182,Birin,NP,2022-05-12 21:41:33,26.8865,88.0718,60.96,85,18,4.18
183,Sistranda,NO,2022-05-12 21:41:34,63.7256,8.834,46.36,83,100,23.78
184,Svetlyy,RU,2022-05-12 21:41:34,54.675,20.1347,51.85,75,16,15.55
185,Iqaluit,CA,2022-05-12 21:41:35,63.7506,-68.5145,24.53,73,75,17.27
186,Passo De Camaragibe,BR,2022-05-12 21:42:35,-9.2368,-35.4901,80.15,92,19,3.83
187,Abapo,BO,2022-05-12 21:42:36,-18.8333,-63.4667,69.66,57,80,3.78
188,Pundaguitan,PH,2022-05-12 21:42:36,6.3711,126.1689,81.86,76,99,5.44
189,Kysyl-Syr,RU,2022-05-12 21:42:37,63.8986,122.7617,37.53,99,100,4.97
190,Darhan,MN,2022-05-12 21:37:37,49.4867,105.9228,42.4,43,8,3.42
191,Piranhas,BR,2022-05-12 21:42:37,-16.4269,-51.8222,78.91,52,95,4.14
192,Ribeira Grande,PT,2022-05-12 21:42:38,38.5167,-28.7,61.12,69,97,12.46
193,Bandarbeyla,SO,2022-05-12 21:42:38,9.4942,50.8122,81.63,86,91,16.91
194,Bani,DO,2022-05-12 21:42:39,18.2833,-70.3333,81.84,73,100,8.55
195,Constitucion,CL,2022-05-12 21:42:39,-35.3333,-72.4167,54.39,93,100,4.68
196,Mujiayingzi,CN,2022-05-12 21:42:40,42.1167,118.7833,40.62,27,0,6.33
197,Cidreira,BR,2022-05-12 21:42:40,-30.1811,-50.2056,58.66,81,11,7.99
198,Saskylakh,RU,2022-05-12 21:42:41,71.9167,114.0833,11.8,92,55,14.72
199,Ahipara,NZ,2022-05-12 21:42:41,-35.1667,173.1667,59.29,58,45,2.68
200,Clyde River,CA,2022-05-12 21:42:41,70.4692,-68.5914,25.03,74,20,18.41
201,Gejiu,CN,2022-05-12 21:42:42,23.306,103.1635,56.07,95,57,2.13
202,Porto Santo,PT,2022-05-12 21:42:42,33.072,-16.3415,64.78,88,20,14.97
203,Mitsamiouli,KM,2022-05-12 21:42:43,-11.3847,43.2844,79.25,68,8,5.44
204,Trinidad,BO,2022-05-12 21:42:43,-14.8333,-64.9,84.18,58,20,3.44
205,Bambous Virieux,MU,2022-05-12 21:42:44,-20.3428,57.7575,73.65,88,40,5.75
206,Abeche,TD,2022-05-12 21:42:44,13.8292,20.8324,88.03,22,16,1.74
207,Zlobin,HR,2022-05-12 21:42:45,45.2924,14.6541,56.62,85,0,4.61
208,Asyut,EG,2022-05-12 21:42:46,27.181,31.1837,78.98,22,0,11.21
209,Dawson Creek,CA,2022-05-12 21:42:46,55.7666,-120.2362,60.44,23,20,12.66
210,Cadillac,US,2022-05-12 21:41:04,44.2519,-85.4012,87.71,29,0,13.8
211,Petropavlovsk-Kamchatskiy,RU,2022-05-12 21:42:47,53.0452,158.6483,41.59,100,75,4.47
212,Trairi,BR,2022-05-12 21:39:45,-3.2778,-39.2689,77.04,90,43,9.84
213,Buraydah,SA,2022-05-12 21:42:48,26.326,43.975,81.05,13,0,12.1
214,Kalikino,RU,2022-05-12 21:42:48,52.9493,39.8269,56.39,86,92,19.8
215,Carnarvon,AU,2022-05-12 21:42:48,-24.8667,113.6333,64.47,100,40,13.8
216,Juneau,US,2022-05-12 21:40:33,58.3019,-134.4197,55.4,100,20,11.5
217,Severo-Kurilsk,RU,2022-05-12 21:42:49,50.6789,156.125,41.23,88,70,2.3
218,Saint-Pierre,RE,2022-05-12 21:42:49,-21.3393,55.4781,69.91,73,0,6.91
219,Cabedelo,BR,2022-05-12 21:42:50,-6.9811,-34.8339,79.47,83,18,10.8
220,San Patricio,US,2022-05-12 21:42:50,28.017,-97.5169,91.18,55,1,16.58
221,Norman Wells,CA,2022-05-12 21:42:51,65.282,-126.8329,57.24,30,20,5.75
222,Angoche,MZ,2022-05-12 21:42:51,-16.2325,39.9086,72.93,73,0,5.08
223,Hambantota,LK,2022-05-12 21:40:31,6.1241,81.1185,79.14,100,40,4.61
224,Lorengau,PG,2022-05-12 21:42:52,-2.0226,147.2712,83.21,71,99,6.11
225,Florianopolis,BR,2022-05-12 21:42:52,-27.6146,-48.5012,66.42,62,75,9.22
226,Longyan,CN,2022-05-12 21:42:53,25.1072,117.0225,71.06,99,100,3.11
227,Itarema,BR,2022-05-12 21:42:53,-2.9248,-39.9167,78.13,89,67,11.97
228,Dayong,CN,2022-05-12 21:42:54,25.0209,118.2898,72.0,99,100,0.72
229,Kwinana,AU,2022-05-12 21:42:54,-32.25,115.7667,58.93,77,89,8.99
230,Fort Nelson,CA,2022-05-12 21:42:33,58.8053,-122.7002,56.79,47,75,6.91
231,Pangnirtung,CA,2022-05-12 21:40:05,66.1451,-65.7125,24.8,80,20,17.27
232,Manzhouli,CN,2022-05-12 21:43:55,49.6,117.4333,34.47,56,24,10.11
233,Carthage,TN,2022-05-12 21:43:56,36.8611,10.3316,62.13,77,0,2.3
234,Hilotongan,PH,2022-05-12 21:43:56,11.144,123.6426,83.14,75,100,8.86
235,Brigantine,US,2022-05-12 21:39:40,39.4101,-74.3646,66.2,91,100,12.66
236,Acapulco,MX,2022-05-12 21:40:14,16.8634,-99.8901,88.83,60,19,12.3
237,Damara,CF,2022-05-12 21:43:58,4.9608,18.7035,75.07,76,61,1.86
238,Upernavik,GL,2022-05-12 21:43:58,72.7868,-56.1549,16.11,87,11,6.82
239,Elk Plain,US,2022-05-12 21:43:59,47.0532,-122.3976,52.16,76,100,16.11
240,Turukhansk,RU,2022-05-12 21:43:59,65.8167,87.9833,37.47,100,100,5.37
241,Kloulklubed,PW,2022-05-12 21:44:00,7.0419,134.2556,77.5,78,100,12.17
242,Deputatskiy,RU,2022-05-12 21:44:00,69.3,139.9,32.49,100,100,5.14
243,Grand Gaube,MU,2022-05-12 21:43:00,-20.0064,57.6608,73.8,82,11,12.62
244,Mecca,SA,2022-05-12 21:40:22,21.4267,39.8261,85.98,30,0,3.53
245,Tete,MZ,2022-05-12 21:44:01,-16.1564,33.5867,71.69,73,0,2.3
246,Haines Junction,CA,2022-05-12 21:44:01,60.7522,-137.5108,49.95,34,80,4.61
247,Waverley,ZA,2022-05-12 21:44:02,-25.7023,28.2591,61.54,69,0,1.14
248,Acheng,CN,2022-05-12 21:44:02,45.5454,126.977,45.61,35,99,8.39
249,Kaitangata,NZ,2022-05-12 21:44:03,-46.2817,169.8464,48.79,70,84,4.61
250,Severo-Yeniseyskiy,RU,2022-05-12 21:44:03,60.3725,93.0408,32.41,92,38,3.67
251,Volkach,DE,2022-05-12 21:44:04,49.8667,10.2333,63.34,75,100,3.38
252,Le Vauclin,MQ,2022-05-12 21:44:04,14.5452,-60.8388,82.45,69,75,18.41
253,Ketchikan,US,2022-05-12 21:43:24,55.3422,-131.6461,46.87,76,100,6.91
254,Bodden Town,KY,2022-05-12 21:44:05,19.2833,-81.25,82.99,77,75,5.01
255,Ostersund,SE,2022-05-12 21:44:05,63.1792,14.6357,39.65,81,20,6.91
256,Belmonte,BR,2022-05-12 21:44:06,-15.8631,-38.8828,77.56,81,92,10.33
257,Qingquan,CN,2022-05-12 21:44:06,30.4511,115.2559,65.86,95,100,3.65
258,Thompson,CA,2022-05-12 21:44:07,55.7435,-97.8558,62.76,34,75,0.0
259,Matagami,CA,2022-05-12 21:44:07,49.7502,-77.6328,57.31,94,100,4.61
260,Aksarka,RU,2022-05-12 21:44:08,66.5606,67.7975,34.97,100,100,5.88
261,Hampton,US,2022-05-12 21:40:31,37.0299,-76.3452,65.14,92,100,14.97
262,Tubuala,PA,2022-05-12 21:44:09,9.5167,-79.0333,82.85,80,84,7.14
263,Bien Hoa,VN,2022-05-12 21:44:09,10.95,106.8167,80.58,86,80,3.06
264,Aranos,NA,2022-05-12 21:44:10,-24.1333,19.1167,61.34,17,55,9.51
265,Sola,VU,2022-05-12 21:44:11,-13.8833,167.55,77.67,94,100,0.0
266,Alpharetta,US,2022-05-12 21:44:11,34.0754,-84.2941,85.48,49,35,1.99
267,Sorland,NO,2022-05-12 21:44:12,67.667,12.6934,42.66,89,99,9.57
268,Harlingen,US,2022-05-12 21:44:13,26.1906,-97.6961,91.36,43,0,11.5
269,Kristiansund,NO,2022-05-12 21:44:13,63.1115,7.732,45.25,65,75,5.75
270,Aberdeen,GB,2022-05-12 21:44:14,57.1437,-2.0981,50.54,79,100,14.97
271,Taoudenni,ML,2022-05-12 21:44:15,22.6783,-3.9836,90.1,8,0,13.2
272,Broken Hill,AU,2022-05-12 21:44:15,-31.95,141.4333,57.11,88,19,5.14
273,Tamandare,BR,2022-05-12 21:44:16,-8.7597,-35.1047,77.54,85,28,7.07
274,Lavrentiya,RU,2022-05-12 21:44:17,65.5833,-171.0,30.65,78,8,7.07
275,Aiquile,BO,2022-05-12 21:44:17,-18.2041,-65.1807,58.17,71,0,5.37
276,Lokoja,NG,2022-05-12 21:44:18,7.8024,6.743,80.15,73,100,1.99
277,Esperance,AU,2022-05-12 21:45:18,-33.8667,121.9,53.44,87,100,20.92
278,Imelda,PH,2022-05-12 21:45:19,7.65,123.95,78.64,89,100,1.99
279,Saint-Philippe,RE,2022-05-12 21:45:19,-21.3585,55.7679,69.39,75,37,6.02
280,Bengkulu,ID,2022-05-12 21:45:20,-3.8004,102.2655,75.9,86,100,3.36
281,Champerico,GT,2022-05-12 21:45:20,14.3,-91.9167,91.94,63,2,10.16
282,Winslow,US,2022-05-12 21:45:21,35.0242,-110.6974,69.98,5,0,8.05
283,Ponta Pora,BR,2022-05-12 21:45:21,-22.5361,-55.7256,66.11,68,0,4.61
284,Nguruka,TZ,2022-05-12 21:45:22,-5.1092,31.0419,67.15,75,80,1.25
285,Aviles,ES,2022-05-12 21:45:22,43.5547,-5.9248,62.38,85,75,5.75
286,Russell,US,2022-05-12 21:45:23,32.3502,-85.1999,87.96,38,0,8.05
287,Catuday,PH,2022-05-12 21:45:23,16.2923,119.8062,79.7,79,34,8.72
288,San Quintin,MX,2022-05-12 21:45:24,30.4833,-115.95,68.81,45,1,14.72
289,Luderitz,NA,2022-05-12 21:45:24,-26.6481,15.1594,54.97,79,5,10.6
290,Miracema Do Tocantins,BR,2022-05-12 21:45:24,-9.5618,-48.3967,80.76,62,61,0.81
291,Hammerfest,NO,2022-05-12 21:45:25,70.6634,23.6821,34.25,100,75,8.05
292,Grafton,US,2022-05-12 21:45:26,42.207,-71.6856,79.5,59,20,9.22
293,Guerrero Negro,MX,2022-05-12 21:40:58,27.9769,-114.0611,76.23,34,13,18.03
294,Hornepayne,CA,2022-05-12 21:45:26,49.2138,-84.7705,51.69,96,100,10.47
295,Ossora,RU,2022-05-12 21:45:27,59.2353,163.0719,34.9,94,100,2.01
296,Egra,CZ,2022-05-12 21:45:27,50.0796,12.3739,60.3,86,100,3.51
297,Gravdal,NO,2022-05-12 21:45:28,68.1214,13.5031,42.69,100,75,3.44
298,Arona,ES,2022-05-12 21:45:28,28.0996,-16.681,65.82,81,75,4.61
299,Vigrestad,NO,2022-05-12 21:45:29,58.5667,5.7,47.59,85,79,8.66
300,Barra Patuca,HN,2022-05-12 21:45:29,15.8,-84.2833,79.68,80,19,10.78
301,Gazanjyk,TM,2022-05-12 21:45:30,39.2446,55.5154,66.18,50,99,13.98
302,Iquique,CL,2022-05-12 21:45:30,-20.2208,-70.1431,64.44,77,27,3.83
303,Hargeysa,SO,2022-05-12 21:45:31,9.56,44.065,75.42,31,11,4.76
304,Baker City,US,2022-05-12 21:42:56,44.7749,-117.8344,56.91,40,75,13.8
305,Flin Flon,CA,2022-05-12 21:45:32,54.7682,-101.865,67.84,28,40,4.61
306,Nanortalik,GL,2022-05-12 21:45:32,60.1432,-45.2371,35.44,78,100,2.33
307,Port-De-Bouc,FR,2022-05-12 21:45:33,43.4,4.9833,69.96,72,0,5.75
308,Lerwick,GB,2022-05-12 21:45:33,60.1545,-1.1494,48.2,88,100,23.22
309,Bereda,ES,2022-05-12 21:45:33,43.2686,-7.5406,55.58,93,99,5.3
310,Kyaikto,MM,2022-05-12 21:45:34,17.3,97.0167,79.39,86,100,5.39
311,Honiara,SB,2022-05-12 21:45:34,-9.4333,159.95,82.54,73,90,1.52
312,Mayo,US,2022-05-12 21:42:49,38.8876,-76.5119,73.99,81,100,5.99
313,Maningrida,AU,2022-05-12 21:45:35,-12.0667,134.2667,76.17,80,39,4.34
314,North Platte,US,2022-05-12 21:45:35,41.1239,-100.7654,73.29,43,75,54.09
315,Lompoc,US,2022-05-12 21:45:36,34.6391,-120.4579,79.57,53,0,28.99
316,Ostrovnoy,RU,2022-05-12 21:45:37,68.0531,39.5131,39.88,86,17,7.36
317,Waipawa,NZ,2022-05-12 21:45:37,-41.4122,175.5153,48.83,72,34,4.5
318,Sur,OM,2022-05-12 21:45:38,22.5667,59.5289,87.96,33,43,10.78
319,Itaueira,BR,2022-05-12 21:45:38,-7.6033,-43.0256,83.46,44,70,4.14
320,Whitehorse,CA,2022-05-12 21:45:11,60.7161,-135.0538,48.97,45,75,3.44
321,Yangambi,CD,2022-05-12 21:45:39,0.8102,24.4336,71.28,95,27,0.16
322,Sorong,ID,2022-05-12 21:45:39,-0.8833,131.25,78.84,86,100,5.32
323,Mogadishu,SO,2022-05-12 21:46:40,2.0371,45.3438,80.73,82,57,16.4
324,Savinka,RU,2022-05-12 21:46:40,50.0785,47.0994,53.35,86,99,11.05
325,Isangel,VU,2022-05-12 21:46:40,-19.55,169.2667,71.71,83,100,0.0
326,Ayagoz,KZ,2022-05-12 21:46:41,47.9714,80.4392,55.72,59,86,5.26
327,La Ronge,CA,2022-05-12 21:45:06,55.1001,-105.2842,64.62,32,20,12.66
328,Ganzhou,CN,2022-05-12 21:46:41,28.8184,115.4327,65.19,96,100,4.27
329,Bindura,ZW,2022-05-12 21:46:42,-17.3019,31.3306,60.71,75,51,2.28
330,Kilindoni,TZ,2022-05-12 21:46:42,-7.9139,39.6668,80.83,71,25,17.63
331,Ushumun,RU,2022-05-12 21:46:43,52.7833,126.5333,38.64,78,7,5.26
332,Northam,GB,2022-05-12 21:46:43,51.0333,-4.2167,53.62,87,75,16.31
333,Kota Kinabalu,MY,2022-05-12 21:46:44,5.9749,116.0724,76.98,94,20,3.44
334,Alyangula,AU,2022-05-12 21:46:44,-13.8483,136.4192,77.36,72,52,8.9
335,Zhigansk,RU,2022-05-12 21:46:45,66.7697,123.3711,31.68,88,75,10.58
336,Lata,PT,2022-05-12 21:46:45,40.1629,-8.3327,57.43,76,53,2.35
337,Khatanga,RU,2022-05-12 21:46:45,71.9667,102.5,9.82,94,12,10.78
338,North Myrtle Beach,US,2022-05-12 21:41:56,33.816,-78.68,70.11,90,100,14.97
339,Oranjestad,AW,2022-05-12 21:43:05,12.524,-70.027,84.15,74,20,24.16
340,Murmashi,RU,2022-05-12 21:46:46,68.8154,32.8115,45.01,70,0,4.47
341,Berlevag,NO,2022-05-12 21:46:47,70.8578,29.0864,37.4,75,75,17.27
342,Sakrand,PK,2022-05-12 21:46:47,26.1384,68.2736,87.75,55,0,4.61
343,Kruisfontein,ZA,2022-05-12 21:46:48,-34.0033,24.7314,53.89,90,3,7.07
344,Maarianhamina,AX,2022-05-12 21:46:48,60.0973,19.9348,49.86,66,34,6.91
345,Port Elizabeth,ZA,2022-05-12 21:46:48,-33.918,25.5701,60.31,91,0,4.0
346,Nouakchott,MR,2022-05-12 21:46:49,18.0858,-15.9785,84.13,51,22,19.3
347,Griffith,US,2022-05-12 21:42:12,41.5284,-87.4237,93.88,29,0,13.8
348,Santa Cruz,BO,2022-05-12 21:42:50,-17.8,-63.1667,82.45,44,20,2.3
349,Abu Kamal,SY,2022-05-12 21:46:50,34.4506,40.9171,72.9,33,45,10.89
350,Fernley,US,2022-05-12 21:43:00,39.608,-119.2518,65.21,16,99,3.0
351,Leningradskiy,RU,2022-05-12 21:46:51,69.3833,178.4167,26.56,73,22,5.7
352,Hutchinson,US,2022-05-12 21:46:47,38.0608,-97.9298,92.03,41,0,25.32
353,Potam,MX,2022-05-12 21:46:51,27.6,-110.3833,90.5,23,1,21.5
354,Kindu,CD,2022-05-12 21:46:52,-2.95,25.95,69.82,93,52,2.8
355,Yar-Sale,RU,2022-05-12 21:46:52,66.8333,70.8333,34.52,100,100,4.43
356,Oistins,BB,2022-05-12 21:46:52,13.0667,-59.5333,82.49,69,20,21.85
357,Saint-Joseph,RE,2022-05-12 21:46:53,-21.3667,55.6167,68.38,76,25,3.71
358,Gazli,UZ,2022-05-12 21:46:54,40.1333,63.45,74.75,28,86,5.91
359,Caravelas,BR,2022-05-12 21:46:54,-17.7125,-39.2481,76.24,84,2,7.31
360,Tucuman,AR,2022-05-12 21:46:55,-26.8241,-65.2226,69.8,68,75,8.05
361,Cajamarca,PE,2022-05-12 21:46:55,-7.1638,-78.5003,64.47,68,75,2.3
362,Ardakan,IR,2022-05-12 21:46:56,32.31,54.0175,74.28,15,0,14.38
363,Lexington,US,2022-05-12 21:44:44,37.9887,-84.4777,83.34,39,0,10.36
364,Canton,CN,2022-05-12 21:44:44,23.1167,113.25,73.35,97,98,2.68
365,Priargunsk,RU,2022-05-12 21:46:57,50.3691,119.1012,34.92,58,87,8.05
366,Pangoa,PE,2022-05-12 21:46:57,-12.1167,-73.0,71.56,96,56,1.68
367,Souillac,MU,2022-05-12 21:46:58,-20.5167,57.5167,73.78,88,40,5.75
368,Pali,IN,2022-05-12 21:47:58,25.7667,73.3333,88.84,24,4,9.26
369,Alihe,CN,2022-05-12 21:47:59,50.5667,123.7167,36.37,86,100,3.27
370,Port Lincoln,AU,2022-05-12 21:47:59,-34.7333,135.8667,59.05,80,99,10.07
371,Cooma,AU,2022-05-12 21:48:00,-36.2333,149.1333,55.17,100,100,5.75
372,Abu Samrah,SY,2022-05-12 21:48:00,35.3029,37.1841,62.67,49,79,6.08
373,Sakaiminato,JP,2022-05-12 21:48:01,35.55,133.2333,64.33,100,100,2.3
374,Kapitan Ramon,PH,2022-05-12 21:48:01,10.7749,123.1256,77.22,80,99,2.86
375,Saldanha,ZA,2022-05-12 21:48:02,-33.0117,17.9442,50.05,77,71,7.23
376,Havoysund,NO,2022-05-12 21:48:02,70.9963,24.6622,35.83,99,100,20.8
377,Nhulunbuy,AU,2022-05-12 21:48:02,-12.2333,136.7667,74.01,94,30,0.0
378,Nagornskiy,RU,2022-05-12 21:48:03,58.7731,57.5451,46.44,74,100,7.85
379,Jibuti,DJ,2022-05-12 21:48:03,11.5,42.5,82.53,31,0,6.2
380,Sergeyevka,KZ,2022-05-12 21:48:04,53.88,67.4158,52.56,43,76,6.96
381,Caohai,CN,2022-05-12 21:48:04,26.8661,104.2841,54.36,95,100,1.14
382,Oskemen,KZ,2022-05-12 21:48:05,49.9565,82.6119,40.96,60,7,0.0
383,Nizhniy Odes,RU,2022-05-12 21:48:05,63.6445,54.856,38.53,93,27,4.72
384,Alanya,TR,2022-05-12 21:48:06,36.5438,31.9998,62.73,63,6,4.99
385,Puerto Wilches,CO,2022-05-12 21:48:07,7.3483,-73.896,90.16,72,100,1.57
386,Canete,CL,2022-05-12 21:48:07,-37.8,-73.4,51.57,92,85,2.77
387,Cap Malheureux,MU,2022-05-12 21:48:08,-19.9842,57.6142,73.47,82,13,1.99
388,Erenhot,CN,2022-05-12 21:48:08,43.6475,111.9767,42.67,33,31,18.52
389,Kaduna,NG,2022-05-12 21:48:09,10.5222,7.4383,76.8,70,98,5.14
390,Padang,ID,2022-05-12 21:48:09,-0.9492,100.3543,78.76,78,100,4.05
391,Roanoke Rapids,US,2022-05-12 21:45:39,36.4615,-77.6542,65.19,100,100,8.05
392,Biak,ID,2022-05-12 21:48:10,-0.9131,122.8766,77.43,82,99,2.39
393,Carutapera,BR,2022-05-12 21:48:10,-1.195,-46.02,76.53,91,95,4.81
394,Predivinsk,RU,2022-05-12 21:48:11,57.0669,93.4378,45.9,49,25,2.24
395,Puksoozero,RU,2022-05-12 21:48:11,62.5903,40.6066,49.93,84,100,8.25
396,Fereydunshahr,IR,2022-05-12 21:48:12,32.941,50.121,44.98,35,0,4.56
397,Sena Madureira,BR,2022-05-12 21:48:12,-9.0656,-68.6569,79.14,80,44,2.64
398,Dakar,SN,2022-05-12 21:47:24,14.6937,-17.4441,76.08,83,99,4.61
399,Coquimbo,CL,2022-05-12 21:47:32,-29.9533,-71.3436,56.93,82,0,9.22
400,Port Blair,IN,2022-05-12 21:48:13,11.6667,92.75,78.84,94,75,2.3
401,Mount Isa,AU,2022-05-12 21:48:14,-20.7333,139.5,56.97,100,20,2.3
402,Ulaangom,MN,2022-05-12 21:48:14,49.9811,92.0667,41.97,27,0,3.58
403,Paracuru,BR,2022-05-12 21:48:15,-3.41,-39.0306,82.11,88,39,9.78
404,Kalmunai,LK,2022-05-12 21:48:15,7.4167,81.8167,80.01,75,100,5.46
405,Lensk,RU,2022-05-12 21:48:16,60.7253,114.9278,43.5,95,98,5.48
406,Narsaq,GL,2022-05-12 21:48:16,60.9167,-46.05,43.02,87,100,1.3
407,Sao Joao Da Barra,BR,2022-05-12 21:48:16,-21.6403,-41.0511,75.29,79,87,14.97
408,Ochakiv,UA,2022-05-12 21:48:17,46.6128,31.5498,58.53,87,5,13.76
409,Omboue,GA,2022-05-12 21:48:17,-1.5746,9.2618,77.43,91,87,6.8
410,Sinnamary,GF,2022-05-12 21:48:18,5.3833,-52.95,78.24,86,7,12.73
411,Hobyo,SO,2022-05-12 21:48:18,5.3505,48.5268,81.95,82,77,25.64
412,Solnechnyy,RU,2022-05-12 21:48:19,50.7214,136.6319,43.75,77,83,2.46
413,Udachnyy,RU,2022-05-12 21:48:19,66.4167,112.4,32.45,92,92,4.5
414,Rio Gallegos,AR,2022-05-12 21:48:20,-51.6226,-69.2181,46.45,93,100,10.36
415,Vysokogornyy,RU,2022-05-12 21:49:20,50.1167,139.15,43.75,72,100,3.2
416,Sokoto,NG,2022-05-12 21:49:21,13.0609,5.239,96.76,30,97,7.2
417,Bafra,TR,2022-05-12 21:49:21,41.5678,35.9069,53.82,69,1,6.51
418,Bridlington,GB,2022-05-12 21:49:22,54.0831,-0.1919,55.89,73,100,15.08
419,Ayan,RU,2022-05-12 21:49:22,56.45,138.1667,32.58,99,100,23.69
420,Bonavista,CA,2022-05-12 21:49:23,48.6499,-53.1147,39.69,88,8,16.15
421,Rehoboth,NA,2022-05-12 21:49:23,-23.3167,17.0833,58.35,33,54,6.62
422,Bubaque,GW,2022-05-12 21:49:24,11.2833,-15.8333,77.83,81,9,19.01
423,Mahibadhoo,MV,2022-05-12 21:49:24,3.7833,72.9667,82.89,79,88,20.87
424,Morondava,MG,2022-05-12 21:49:25,-20.2833,44.2833,72.37,74,0,7.02
425,Baiquan,CN,2022-05-12 21:49:25,47.5833,126.0833,43.92,48,100,5.37
426,Wattegama,LK,2022-05-12 21:49:25,6.7989,81.4808,76.59,78,40,8.14
427,Chadan,RU,2022-05-12 21:49:26,51.2833,91.5833,40.33,31,0,4.68
428,Edson,CA,2022-05-12 21:49:26,53.5835,-116.4356,60.94,17,74,5.75
429,Los Llanos De Aridane,ES,2022-05-12 21:49:27,28.6585,-17.9182,65.95,89,100,10.36
430,Opuwo,NA,2022-05-12 21:49:27,-18.0607,13.84,63.64,26,0,5.41
431,Marystown,CA,2022-05-12 21:49:28,47.1666,-55.1483,53.85,100,47,5.01
432,Redcar,GB,2022-05-12 21:49:28,54.6166,-1.06,53.53,56,100,8.01
433,Vao,NC,2022-05-12 21:49:29,-22.6667,167.4833,72.93,59,100,26.06
434,Wuxue,CN,2022-05-12 21:49:29,29.8506,115.5525,65.53,98,100,2.24
435,Aitape,PG,2022-05-12 21:49:30,-3.1374,142.3475,79.48,86,65,4.41
436,Kollam,IN,2022-05-12 21:49:30,8.8833,76.6,77.5,86,75,8.93
437,Roald,NO,2022-05-12 21:49:31,62.5833,6.1333,48.34,71,75,13.8
438,Lethbridge,CA,2022-05-12 21:47:49,49.7,-112.8186,58.17,38,40,9.22
439,Methoni,GR,2022-05-12 21:49:31,36.8197,21.7049,66.22,72,68,5.37
440,Ravar,IR,2022-05-12 21:49:32,31.2656,56.8055,74.26,11,0,4.16
441,Poronaysk,RU,2022-05-12 21:49:32,49.2167,143.1167,43.77,77,100,1.34
442,Ler,SS,2022-05-12 21:49:33,8.3018,30.1418,78.44,65,83,6.73
443,Ozinki,RU,2022-05-12 21:49:33,51.1786,49.6769,43.81,91,21,8.7
444,Pacific Grove,US,2022-05-12 21:49:33,36.6177,-121.9166,68.54,65,0,11.5
445,Tacana,GT,2022-05-12 21:49:34,15.2333,-92.0833,61.48,68,84,1.12
446,Mahanoro,MG,2022-05-12 21:49:34,-19.9,48.8,70.48,88,72,4.14
447,Bhim Tal,IN,2022-05-12 21:49:35,29.35,79.5667,64.94,58,0,3.27
448,Saint-Leu,RE,2022-05-12 21:49:35,-21.15,55.2833,69.31,72,18,8.66
449,Rzeszow,PL,2022-05-12 21:49:36,50.0413,21.999,60.82,66,0,2.3
450,Tefe,BR,2022-05-12 21:49:37,-3.3542,-64.7114,82.51,83,100,4.61
451,Dickinson,US,2022-05-12 21:49:37,29.4608,-95.0513,92.12,49,0,12.66
452,Tenenkou,ML,2022-05-12 21:49:37,14.4572,-4.9169,95.5,5,87,7.11
453,Burnie,AU,2022-05-12 21:49:38,-41.0667,145.9167,54.91,88,82,3.91
454,Saint-Georges,GD,2022-05-12 21:49:38,12.0564,-61.7485,83.88,70,20,27.63
455,Borogontsy,RU,2022-05-12 21:49:39,62.6683,131.1683,41.97,69,35,4.03
456,Abay,KZ,2022-05-12 21:49:39,49.6311,72.8539,37.78,50,5,6.6
457,Guiyang,CN,2022-05-12 21:48:58,26.5833,106.7167,61.29,88,100,6.71
458,Kodinsk,RU,2022-05-12 21:49:40,58.6881,99.1844,44.26,70,78,2.06
459,Ixtapa,MX,2022-05-12 21:49:40,20.7,-105.2,92.35,37,70,7.29
460,Terrace,CA,2022-05-12 21:50:41,54.5163,-128.6035,46.31,65,100,6.91
461,Manokwari,ID,2022-05-12 21:50:41,-0.8667,134.0833,81.03,79,95,10.76
462,Arman,RU,2022-05-12 21:50:42,59.7,150.1667,46.02,79,90,4.36
463,Juba,SS,2022-05-12 21:50:42,4.8517,31.5825,72.34,86,89,2.06
464,Mareeba,AU,2022-05-12 21:50:43,-17.0,145.4333,72.45,97,0,1.88
465,Isla Mujeres,MX,2022-05-12 21:50:43,21.2311,-86.731,84.16,56,0,12.33
466,Mezen,RU,2022-05-12 21:50:44,65.8522,44.24,44.82,91,91,3.83
467,Alekseyevka,RU,2022-05-12 21:50:44,50.6309,38.6903,58.53,79,78,21.05
468,Klaksvik,FO,2022-05-12 21:50:45,62.2266,-6.589,43.72,65,81,27.51
469,Husavik,IS,2022-05-12 21:50:46,66.0449,-17.3389,31.28,97,100,20.07
470,North Fort Myers,US,2022-05-12 21:50:46,26.6673,-81.8801,86.07,56,75,13.8
471,Saint Anthony,US,2022-05-12 21:50:46,45.0205,-93.218,90.3,58,0,14.97
472,Namatanai,PG,2022-05-12 21:50:47,-3.6667,152.4333,81.79,77,94,5.7
473,Aktash,RU,2022-05-12 21:50:47,50.3,87.7333,33.39,48,2,1.81
474,Katherine,AU,2022-05-12 21:50:48,-14.4667,132.2667,73.72,68,40,9.22
475,Tiarei,PF,2022-05-12 21:50:48,-17.5333,-149.3333,86.02,69,8,17.56
476,Nouadhibou,MR,2022-05-12 21:50:49,20.931,-17.0347,69.78,78,19,20.71
477,Nantucket,US,2022-05-12 21:50:49,41.2835,-70.0995,60.94,92,100,13.8
478,Lakatoro,VU,2022-05-12 21:50:50,-16.0999,167.4164,79.18,78,100,20.49
479,Port Moresby,PG,2022-05-12 21:50:50,-9.4431,147.1797,74.62,94,75,11.5
480,Soyo,AO,2022-05-12 21:50:51,-6.1349,12.3689,76.91,90,41,6.49
481,Shakawe,BW,2022-05-12 21:50:51,-18.3667,21.85,59.77,30,0,2.86
482,Karratha,AU,2022-05-12 21:50:52,-20.7377,116.8463,79.79,79,99,15.59
483,Zhangzhou,CN,2022-05-12 21:50:52,24.5133,117.6556,73.33,99,100,2.51
484,Bom Jesus,BR,2022-05-12 21:50:52,-9.0744,-44.3586,82.99,43,84,4.14
485,Christchurch,NZ,2022-05-12 21:50:53,-43.5333,172.6333,52.41,93,61,1.01
486,Penzance,GB,2022-05-12 21:47:12,50.1186,-5.5371,52.48,86,44,15.52
487,Atar,MR,2022-05-12 21:50:54,20.5169,-13.0499,93.9,18,49,10.22
488,Seymchan,RU,2022-05-12 21:50:54,62.8833,152.4333,36.59,75,11,5.01
489,Puerto Del Rosario,ES,2022-05-12 21:50:55,28.5004,-13.8627,69.55,68,20,9.22
490,Santander,ES,2022-05-12 21:50:55,43.4647,-3.8044,61.3,95,100,1.99
491,Matara,LK,2022-05-12 21:50:55,5.9485,80.5353,77.97,91,100,10.98
492,Bathsheba,BB,2022-05-12 21:50:56,13.2167,-59.5167,83.01,69,20,21.85
493,Coihaique,CL,2022-05-12 21:46:28,-45.5752,-72.0662,47.01,93,100,3.44
494,Urumqi,CN,2022-05-12 21:50:57,43.801,87.6005,59.95,51,0,4.47
495,Samarai,PG,2022-05-12 21:50:57,-10.6167,150.6667,82.15,78,96,7.54
496,Skjervoy,NO,2022-05-12 21:50:57,70.0311,20.9714,35.6,99,100,12.3
497,Kapoeta,SS,2022-05-12 21:50:58,4.7717,33.5903,78.33,56,66,3.2
498,Byron Bay,AU,2022-05-12 21:46:13,-28.65,153.6167,69.71,88,100,17.72
499,Parabel,RU,2022-05-12 21:50:59,58.6978,81.4825,48.85,49,73,4.61
500,Comodoro Rivadavia,AR,2022-05-12 21:50:59,-45.8667,-67.5,49.86,87,75,3.44
501,Taunggyi,MM,2022-05-12 21:51:00,20.7833,97.0333,62.8,96,16,3.94
502,Maki,JP,2022-05-12 21:51:00,37.75,138.8833,64.9,91,100,7.09
503,Najran,SA,2022-05-12 21:51:01,17.4924,44.1277,77.65,18,0,1.43
504,Moron,AR,2022-05-12 21:51:01,-34.6534,-58.6198,58.89,75,31,6.46
505,Mitu,CO,2022-05-12 21:51:01,1.1983,-70.1733,77.36,95,77,1.16
506,Zvishavane,ZW,2022-05-12 21:52:02,-20.3267,30.0665,59.11,67,1,1.88
507,Kudahuvadhoo,MV,2022-05-12 21:52:03,2.6708,72.8944,82.96,77,61,17.38
508,Cortes,ES,2022-05-12 21:52:03,41.9395,-1.4396,69.85,48,100,2.75
509,Pedernales,DO,2022-05-12 21:52:04,18.0384,-71.744,84.27,61,98,15.93
510,Sangar,RU,2022-05-12 21:52:04,63.9242,127.4739,35.83,93,100,7.27
511,Sao Filipe,CV,2022-05-12 21:52:04,14.8961,-24.4956,74.53,76,74,10.6
512,Tessalit,ML,2022-05-12 21:52:05,20.1986,1.0114,89.01,8,0,10.22
513,Trebinje,BA,2022-05-12 21:52:05,42.7119,18.3442,64.76,72,0,3.44
514,Tevriz,RU,2022-05-12 21:52:06,57.509,72.4042,48.11,89,48,1.52
515,Qaqortoq,GL,2022-05-12 21:52:06,60.7167,-46.0333,34.05,91,100,4.07
516,Visim,RU,2022-05-12 21:52:07,57.6488,59.5014,42.31,83,27,4.23
517,Cayenne,GF,2022-05-12 21:50:35,4.9333,-52.3333,80.1,1,75,10.36
518,Amantea,IT,2022-05-12 21:52:07,39.1332,16.0746,68.05,81,34,1.68
519,Xapuri,BR,2022-05-12 21:52:08,-10.6517,-68.5044,75.29,91,75,1.5
520,Antigonish,CA,2022-05-12 21:52:08,45.6169,-61.9986,65.55,72,85,3.0
521,Nuristan,AF,2022-05-12 21:52:09,35.3,70.8333,37.71,50,0,12.24
522,Soure,BR,2022-05-12 21:52:09,-0.7167,-48.5233,77.16,88,100,6.55
523,Grindavik,IS,2022-05-12 21:52:10,63.8424,-22.4338,40.95,75,20,14.97
524,Caldas Novas,BR,2022-05-12 21:52:10,-17.7417,-48.625,73.72,54,95,2.42
525,Pombas,CV,2022-05-12 21:52:11,17.1503,-25.0201,71.38,83,44,13.0
526,Bozeman,US,2022-05-12 21:52:00,45.6796,-111.0386,48.18,79,100,5.01
527,Bari,IT,2022-05-12 21:52:11,41.1177,16.8512,68.86,80,0,4.61
528,Mindelo,CV,2022-05-12 21:52:12,16.8901,-24.9804,72.95,73,20,29.93
529,Newport,GB,2022-05-12 21:50:02,51.5877,-2.9984,54.68,85,70,17.92
530,College,US,2022-05-12 21:52:13,64.8569,-147.8028,44.92,87,100,10.36
531,Daru,PG,2022-05-12 21:52:13,-9.0763,143.2092,77.83,92,76,7.05
532,Cockburn Town,TC,2022-05-12 21:51:01,21.4612,-71.1419,82.36,74,75,17.27
533,Luklukan,PH,2022-05-12 21:52:14,14.3254,122.7124,78.31,87,20,3.78
534,Troitskoye,RU,2022-05-12 21:52:14,52.9821,84.6757,54.43,41,44,3.49
535,Aden,YE,2022-05-12 21:52:15,12.7794,45.0367,87.06,64,38,4.29
536,San-Pedro,CI,2022-05-12 21:52:15,4.7485,-6.6363,78.21,89,100,5.73
537,Kavaratti,IN,2022-05-12 21:52:15,10.5669,72.642,84.0,71,100,9.95
538,Chokurdakh,RU,2022-05-12 21:52:16,70.6333,147.9167,29.03,92,100,9.4
539,Imbituba,BR,2022-05-12 21:52:16,-28.24,-48.6703,68.86,81,22,6.98
540,Ouro Preto,BR,2022-05-12 21:52:17,-20.3948,-43.5052,60.75,83,93,2.91
541,Asau,RO,2022-05-12 21:52:17,46.4333,26.4,61.72,85,2,6.4
542,Kayerkan,RU,2022-05-12 21:52:18,69.3497,87.7602,33.53,93,100,4.45
543,Lagoa,PT,2022-05-12 21:52:18,39.05,-27.9833,60.1,69,76,12.88
544,Thurso,GB,2022-05-12 21:52:19,58.5927,-3.5259,48.45,86,100,17.34
545,Bjornevatn,NO,2022-05-12 21:52:19,69.6672,29.9847,37.74,81,0,2.3
546,Lamesa,US,2022-05-12 21:52:20,32.7376,-101.951,98.53,9,31,15.43
547,Aguimes,ES,2022-05-12 21:52:20,27.9054,-15.4461,66.83,68,20,15.01
548,Visby,SE,2022-05-12 21:52:21,57.6409,18.296,50.05,76,30,16.11
549,Am Timan,TD,2022-05-12 21:52:21,11.0297,20.2827,93.65,32,92,7.4
550,Fengrun,CN,2022-05-12 21:52:22,39.8333,118.1167,51.85,42,48,5.68
551,Cauquenes,CL,2022-05-12 21:52:22,-35.9671,-72.3225,51.69,92,100,1.61
